unique-toxic-words,is-toxic-word
lazeelink,1
power,0
"yes,i",0
shooting:,1
always,0
allow,0
"position,",0
freedom,0
department,0
stupidiarity,1
"president,",0
"profitable,",1
ttle,1
stand,0
nixon,1
pitiful,1
surgery,1
"""holy",1
licks,1
robbed,1
orange,1
freaks,1
misguided/ignorant,1
students.,0
appears,0
pain,1
feces,1
rapist,1
scatters,1
violent,1
lunch,0
height,0
(which,0
partisans,1
nigger,1
l,0
lackeys,1
crow,1
sucky,1
brain-dead,1
fails,0
feminazis,1
scu,1
present,0
syrian,1
bullh,1
funded,0
punched,1
se,1
half,0
that'll,1
bureaucrats,1
ex-president,1
rabid,1
tramp,1
auti,1
d-bag,1
misapprehensions,1
community;,0
overtly,1
scary,1
youre,1
save,0
idea.,0
"mean,",0
"nami,",1
collect,0
breathes,1
kills,0
accounts,0
gone,1
flake,1
became,0
"stupidity,why",1
(hmphh),1
back,0
hamas,1
regardless,1
religious-hypocrite,1
garbage,1
"all,""",0
fly,1
stupid?],1
$15.1,0
our,0
inhuman,1
dam,1
dumbed,1
right?,0
claw,1
domain,1
drug,1
kkk,1
services,0
".dumb,",1
happen,0
sessions,0
plane,0
hog,1
reminder,0
stupidist,1
art,0
tells,1
complete,0
mindset,1
cot,1
"exercise.yes,",1
pledged,1
-ignorant,1
minorities,1
resolve,1
death,1
"vagueness,",1
overrun,1
peanuthead,1
"world,",0
damage,1
ma,1
loathsome,1
got,1
dictatorship.,1
hello,0
korean,1
undependable,1
drivers,1
deadly,1
"shameful,",1
"idiot,",1
wear,1
gullible,1
humiliate,1
",he""d",1
weapons,1
hurt,1
students,0
utterly,1
"mysogynistic,",1
form.,1
"gays,",1
placed,1
orgy,1
redenbacher,1
stick,1
nutshell,1
tillerson,1
offer,1
workers,0
'cdn,1
"vehicle,",1
socks,1
"(clinton,",0
sylvia,1
idiocies,1
skinned,1
assets,1
solid,1
coat,1
"run,",1
sickest,1
24,1
useles,1
plan,0
wo,1
micronesians,1
anus,1
attacked,1
speculation,1
chaotic,1
steel,1
terminated,1
nonsensical,1
coral,1
relationship,0
understaning,1
partisan,1
university,1
clown-beast,1
midget,1
absolutely,0
breath...you,1
doing,1
american's,0
fingers,1
un-educated...oops,1
rooskies,1
whacko,1
pee,1
"command,",1
liberals,1
parade,1
crew,1
paint,0
connection,1
true,0
adversaries,1
brennan,1
hawaii,0
"genes.""",1
"subverted,",1
flabbergasted,1
pretentious,1
maimane,1
making?,0
shove,1
reason.,1
debate,1
viable,1
declare,1
perhaps,0
from,0
actively,0
crock,1
superiority,1
picking,1
done.,0
beeotc,1
alberta,1
semen,1
priveleged,1
makes,0
die,1
refer,1
surprising.,0
world,1
b,1
self-serving,1
"""wrong",1
people!,0
based,1
country,0
expect,0
questionable,1
audio,0
play,0
"""sex",1
stupi,1
"untruthful,",1
dps,1
unless,1
cowards,1
gop,1
estupidos,1
mortal,1
expensive,0
lets,1
pussyh,1
"""get",1
previous,0
rabidly,1
oregon,1
rhino,1
untrustworthy,1
crap.,1
personal,0
etc.,0
dismissive,1
greenies,1
bl,1
slugs,1
skulls,1
nonsense,1
orangemen.,1
speech,0
vomit,1
hydro,1
sham,1
lazy,1
sep,1
annual,1
eyes,0
fricking,1
falses,1
dim,1
down,1
solution,0
lies,1
infrastructure,1
"untrustworthy,",1
jealousy,1
judges,1
interesting.,0
"happen,",1
myself,1
hippies,1
sanctimonious,1
public,1
=’s,0
"foxy,",1
schceeer,1
village,1
freak,1
nationalist,1
idiot's,1
grow,1
won,1
lenient,1
ruining,1
executioners,1
week,1
shrinking,1
boo,1
caused,1
have,0
disgusting,1
violated,1
piss,1
vindication,1
broncos,1
especially,1
anti-lgbt,1
dummazz,1
understand,1
"pedophiles,",1
tricky,1
thanks,0
pregnant,1
exaggerations,1
brats,1
prescience,1
threatened,1
love,0
californians,1
disaster,1
praise,1
extortion,1
executed,1
held,0
egypt,0
rom,1
load,1
lightweight,1
lesbians,1
bin,1
bisexual,1
subsidies,1
stupidly,1
"markets,",0
suck,1
"""workshy""",1
(eastern,1
encourages,1
didn’t,0
bite,1
"asking,",0
clark,1
"money,",1
weinstein,1
appear,1
"joke,",0
"comment,",0
simpering,1
ego,1
control,1
agreed,1
objects,0
nafta,1
occupying,1
unnecessary,1
p***y,1
imagine,0
biased,1
notice,0
astounding,1
"hounded,",1
get.,0
smucks,1
entertainment,1
actual,0
column,0
goober,1
duce,1
spots,1
heads,1
sa,1
fact,0
disturbed,1
must,0
stats,0
cars,1
psychotic,1
lunatic,1
takes,0
trudea,1
putrid,1
dumbs,1
considers,1
innocent,1
violating,1
pedantic,1
fraudster,1
f..ing,1
utmost,1
disgrace,1
open,1
"best,",1
settlement,1
rules,1
"issues"".",1
revenues,1
governme,1
sinking,1
sell,1
storms,1
"no,",1
we,1
"leader,",1
told,1
ontario,1
pretend,1
"warmongers,",1
choke,1
pray,0
fundamentals,1
rascal,1
dimocrats,1
"""louts""",1
lonely,1
whiteys,1
imina,1
embarrass,1
"sociopath,",1
universities,1
drink,1
"rape,",1
er,1
all,0
arrogance,1
system,1
"typical,",1
narcissistic,1
"hater,",1
"suck,",1
logical,1
grifter,1
families,1
snake,1
black,1
d,1
denglish,1
patheti,1
intolerant,1
stoned,1
enter,0
fundamentalist,1
adviser,1
dad,1
by,1
troglodytes,1
rapes,1
hooked,1
replie,1
friendly,1
person,0
driving,1
lon,1
supported,1
infested,1
unsound,1
knuckleheads,1
huckster.,1
trusted,1
veto,1
struck,1
trudeau?,1
"invader,",1
bears,1
outrage,1
males,1
"flooded,",1
86,1
democrats,0
hammer,1
soaring,1
been,0
ambidextrous,1
expansion,1
goebbles,1
subsidizes,1
joseph,1
citizens,0
"""classy""",1
scum-sucking,1
else's,0
"panties,",1
"bigot,",1
quote,1
you!,0
papers.,0
blow,1
cast,1
"vapid,",1
asses,1
americans,0
canada,0
why,0
unemployed,0
alzheimer,1
deficient,1
1/2,1
concert,0
you,0
canadians,1
don't,0
worthless,1
policing,1
software,1
reach,1
devices,0
"officer,",0
ghetto,1
assault,1
fighting,1
world.,0
thing,0
posters,1
point,0
insanity,1
zealots,1
again,0
stupid.it's,1
critical,1
muons,1
earth,0
corey,1
absurd,1
from.,0
says:,0
"muslim,",1
narcissists,1
perennial,1
shrinkage,1
"canada,",0
incest,1
lip,1
pigs,1
write,0
believable,1
boys,1
turfed,1
dumass,1
litter,1
burning,1
kuffirphobia,1
attempt,0
joe,1
senile,1
n,0
generalities,1
unpunished,1
katie,1
ability,1
bugger,1
stink,1
broken,1
illegal,1
sh**,1
particularly,1
nee,1
thinking,1
liberalism,1
mediocre,1
furkin,1
troublemakers,1
nuts,1
lighthearted,1
hangi,1
gigupta,1
disrespectful,1
"fat,",1
answer,0
"toll-free,",1
heartless,1
time.,0
straw,1
"about,",0
wait,0
rule,0
"surprised,",0
both,0
everytime,0
interesting,0
chase,1
definition,1
economy,1
kim,1
"treacherous,",1
when.,0
lived,1
seeing.,1
treason,1
adoption,1
right,0
candidates,1
defend,1
"""cointelpro""",1
stations,1
fuxcking,1
midst,1
ignoramous,1
"housewives,",1
even,0
prosecutors,1
hear,1
female,0
stay,0
torch,1
assassins,1
broke,1
badass,1
negligent,1
immigration,1
talking,1
butch,1
confronting,1
outside,1
beg,1
jerkoffs,1
"drunk,",1
whiner,1
"groups,",1
s,1
hart,1
term,1
logic,1
fag,1
subsidized,1
role,1
"legs,",1
congress,1
fanatical,1
reformed,1
social,0
aggression,1
money,1
whinny,1
signature,1
roles.,1
ask,0
democratic,1
crumbs,1
planet,1
activity,0
unthinking,1
defenders,1
pompas,1
"pervert,",1
foolishness,1
trump....,1
nearly,1
total,0
dose,1
leave,0
"her,",0
jingoistic,1
removed.,0
protesters,1
communities,1
goodness,1
blandest,1
nail,1
"petty,",1
move,1
",you're",0
juxtaposing,1
empowered,1
icky.,1
subjects,1
pre,1
"anything,",0
few,1
wife,1
doubt,1
manure,1
call,1
condescending,1
ell,1
isn't,1
barbarians,1
interviewing,1
bomb,1
proud,1
hous,1
consequences,1
learned,0
weak,1
embarrassment,1
ead,1
studies,0
worn,1
carey.,1
do.,0
wind,0
answers,0
avalanche,1
dicks,1
"bob,",1
self,1
mitch,1
before,1
lock,1
unbelievably,1
reward,1
shoot;,1
todays,1
"""dead",1
epd,1
distortion,1
normal--his,1
ship,1
mexico's,1
elites,1
problem,0
sickening,1
"because,",0
chasing,1
"rude,",1
dress,1
"meaning,",0
serial,1
create,0
orville,1
ill-prepared,1
ladies,1
follow,1
miller,1
rush,1
barbaric,1
"""orangemen""",1
punk,1
dotard,1
horrible,1
lucky,1
nutjob,1
problems,0
offered,1
deaths,1
"trolls,",1
fukin,1
remarks,1
since,0
human,0
maintaining,1
unappealing,1
bald,1
con,1
ours.,1
“taxpayer,1
subverted.,1
eu,1
deserve,1
putin,1
gaza,1
3,1
someone,0
3rd,1
really?,1
"""feared",1
creeps,1
misogynist,1
winning,1
failure,1
vile,1
molesters,1
ever,1
know-it-alls,1
priced,1
keep,0
command.,1
rock,1
18......let,1
breitbart,1
zombies,1
murderer,1
uphold,1
towel,1
america's,0
demeans,1
balls,1
"bullies,",1
blowhard,1
gotta,1
choose,0
homosexuality:,1
proving,1
rarity.,1
–,0
usband,1
pull,1
of,1
dealing,1
neanderthals,1
slightest,1
signal,1
"freaks,",1
holding,1
"hey,",0
also,1
sphincter-lipped,1
violence,1
dodgy,1
fk,1
comparison,1
participate,1
used,0
rude,1
deplorables,1
built,1
color,0
espousing,1
slamming,1
"so,",1
ice,1
crimes,1
suggesting,1
desert,1
makers,1
idiots,1
c,1
firing,1
wrong,1
intelligence,1
trickster,1
fkn,1
malici,1
rested,1
screwed,1
pumping,1
temp,1
stooges,1
hedonistic,1
san,1
golden,1
shortcoming,1
officials,1
drugged,1
common,1
learn,0
"#yourwhitetearsarentsacredthislandis.""(c)",1
wasted,1
bigots,1
companies.,1
here,1
patsy,1
rate,1
"""fascists",1
hope,1
hijacked?,1
appreciate,1
far,1
glad,0
eat,1
talk,0
it's,0
primary,1
by2%,1
realize,1
en,0
bags,0
boards,1
40,1
lame,1
lives,0
made-up,1
idiot,1
"bridges,",1
dating,1
sex.,1
curse,1
mandydewaal,1
these,0
"comments,",0
an,0
year,0
"""who""",0
jealous,1
low,1
watched,1
justify,1
otherwise.,0
sky,0
soooooo,1
"hispanic,",1
"trump,",1
your,0
wis,1
bleaching,1
hitler,1
"news,",0
"interview,",0
postings,1
underwear,1
fees/tolls,1
take,0
steady,1
jobs,0
1000,1
ones,1
being,0
nuts.,1
scandalous,1
million,0
beatings,1
very,0
priests,1
prohibition,1
short-sighted,1
behaviors,1
convicted,1
coward's,1
disservice,1
looooooosers,1
crooks,1
headless,1
"genocide?""",1
cojones,1
deported/shipped,1
using,0
whack,1
agaisnt,1
terrible,1
anti,1
skilled,1
doyle,1
demand,1
collage,1
greatest,1
reports,1
niggardly,1
attitudes,1
screwing,1
colony,1
"muslims,",1
important,0
affinity,1
correct-thinking,1
apparent,1
tickek,1
fueling,1
much,1
mouth,1
measured,1
reflect,1
others,0
kickin,1
recently!,0
distressing,1
'its,0
jewish,1
(either,0
nutjobs,1
chugiak,1
empty,1
loony,1
wretched,1
piling,1
trolls,1
convinced.,0
leeches,1
maker,1
stinks,1
r,1
las,1
20+,1
wit,1
ideology,1
puts,1
atheist,1
sewer,1
need,0
schumucks,1
then,0
sick,1
"""gives""",1
president.,1
neighborhood,1
two,0
"cruel,",1
yankees,1
a-s-s,1
"""i",1
himself,0
",",1
groups,1
notes,0
bank,0
shares,1
s.,1
dims,1
church's,0
mental,1
ownership,1
squirt,1
repugnant,1
argument,1
hires,1
would,1
flies,1
gender,0
"leftist,",1
john,1
twitchy,1
close,1
schmuck,1
pollute,1
???,1
parenthood,1
we'll,1
persona,1
egotist,1
concerned,1
dumbass,1
wonder,1
"murderers,",1
thirty,1
f*ck,1
currencies,1
word,1
grifters,1
impeac,1
ontarians,1
"""some""",1
rife,1
bufoon,1
believed,1
nitwit,1
overwhelmed,1
basis,1
besides,1
humanity,1
"homophobic,",1
"sentence,",1
later,1
church,1
aren't,1
watch,1
suspect,1
loves,1
city,1
monsef,1
stupid?,1
up.,1
says,1
beating,1
boy,1
everything,1
scammers,1
sack,1
druggie,1
aid,1
"stank,",1
cabinet,1
programs.,1
"uninformed,",1
fat,1
thumb,1
--,1
socialism,1
votes.,1
mean,1
crazed,1
understanding,1
partnership,1
taxpaying,1
rhetoric,1
furthermore,1
preponderance,1
aren’t,1
quickly,1
cowards!,1
latino,1
numbskull,1
cameras.....get,1
stab,1
"""is",1
syndrome,1
there.,1
behaviour,1
disappointed,1
male,1
piggish,1
above?,1
thunder,1
genocide,1
plus,1
"rat,",1
because,1
rot,1
fed_up?,1
"us,",1
retarded,1
lost,1
financially,1
"pity,",1
botha,1
hypocrite,1
chin,1
presume,1
sues,1
toilets,1
organize,1
thank,1
sadist,1
failing,1
grieving,1
"pal,",1
il,1
birther,1
raped,1
whore,1
friggn,1
nobody's,1
race,1
republicans,1
perjurs,1
"unfortunate,",1
"ambiguous,",1
popularity.,1
donald's,1
inspired,1
stronger,1
oshiro's,1
bully,1
discuss,1
privileged,1
park,1
growth.,1
finally,1
generation,1
teacher,1
flagged,1
"since"",",1
hallmarks,1
bedbugs,1
welcome.,1
articles,1
"japan,",1
kill,1
distasteful,1
wish,1
"""loser"".",1
goatee,1
gag,1
had,1
cheating,1
political,1
peo,1
hashtags,1
stock,1
bye,1
shpremes,1
"cracker,",1
newfoundland,1
drama,1
kneel,1
reasonable,1
governmental,1
heinous,1
conman,1
kick/punch,1
f****ing,1
nope,1
to,1
blm,1
bulge,1
buy,1
is,1
bipolar,1
actions,1
summarily,1
data,1
kind,1
whores,1
"example,",1
allows,1
weintraub,1
asinine,1
fallen,1
posts,1
dunderheads,1
trustworthy,1
ta,1
trump...an,1
brays,1
crook..,1
misadventure,1
drumpf,1
proof,1
frighten,1
psychopaths,1
still,1
f'king,1
"amber,",1
untermensch,1
national,1
scratch,1
benefit...we,1
zealot,1
boyo,1
mistake,1
paranoid,1
smidgen,1
alt,1
colleges,1
greedy,1
blown,1
"guy?""",1
strikes,1
implying,1
around,1
seattle,1
merkel,1
incensed,1
"addition,",1
asperger's,1
unthank,1
service,1
folks,1
officer,1
ashes,1
partner's,1
chartered,1
debt.,1
funds,1
lawyer/advisor.,1
banker,1
press,1
penchant,1
meanspirited,1
"kkk,",1
chip,1
slamic,1
shaming,1
sorry,1
suckered,1
cho,1
arious,1
mad,1
figure,1
wing,1
raise,1
sexually,1
grabbin,1
but,1
"""good",1
(past,1
charlottesville,1
"problem""",1
fed,1
disorder,1
scumbag,1
style,1
hypocrits,1
referring,1
tourists,1
boors,1
-,1
they're,1
loonies,1
standards,1
insecure,1
anti-american,1
settle,1
individuals,1
pansey,1
rubbish,1
francis,1
"sad,",1
ministe,1
recent,1
gnome,1
"ergo,",1
p.,1
than,1
kiss,1
curmudgeon,1
impoverished,1
"smug,",1
income,1
murderers,1
chuck,1
"what,",1
do,1
pisses,1
cigars,1
least,1
eliminated,1
practically,1
video,1
koolaid!,1
corresponding,1
a*****es,1
leaders,1
spiel,1
"hypocrite,",1
slavish,1
stalling,1
mediocr,1
fox,1
ur,1
nazi-like,1
rights.,1
boot,1
up,1
admission,1
shooter,1
george,1
type,1
last,1
reall,1
pages,1
hurt.,1
castrate,1
cut,1
"islamaphobe,liar,",1
9),1
exterminated,1
%,1
chief,1
threat,1
positive,1
doofu,1
predator,1
terrorist,1
dance,1
scout,1
'the,1
"pairment,",1
community,1
terror,1
"""liberals",1
malicious,1
sand,1
force,1
go,1
dude,1
history,1
squirrel,1
"shot,",1
dea,1
playing,1
has.,1
psych,1
editorials,1
spanked,1
counterproductive,1
what,1
bc}).,1
"poor,",1
seals,1
filibuster,1
disgusted,1
product,1
"lah,",1
britches,1
spins,1
flustered,1
girlfriend,1
sheeps,1
labor,1
nastiest,1
scientists,1
wine,1
steals,1
currently,1
demon,1
dumpy,1
character,1
"russia,",1
themselves,1
octopussy,1
hot,1
sexist,1
throu,1
proposing,1
least.,1
mostly,1
hypocrites,1
about,1
poster,1
persons,1
baker,1
values.,1
chickens,1
kenor,1
naked,1
"jt,",1
maimed,1
forget,1
blame,1
"calculating,",1
deer.,1
most,1
"disingenuous,",1
"gutsy,",1
nation's,1
stupidism,1
usual,1
class,1
emperor,1
eight,1
read,1
extends,1
leader.,1
blowjob,1
dunno...maybe,1
tran,1
immediately,1
"you,",1
urban,1
"stink,",1
acquiring,1
counted,1
country's,1
pmo,1
unstable,1
kidding,1
impressive,1
surf,1
rapists,1
joke,1
esn't,1
spouting,1
oo,1
sycophant,1
interested,1
plant..last,1
people.,1
headed,1
stinker,1
walker,1
spend,1
alled,1
easily,1
property,1
complaints,1
nationalists,1
"ok,",1
grade,1
poop,1
harmless,1
msm,1
emasculated,1
buffoons,1
many,1
assured,1
warnings,1
"sue,",1
witch.,1
vote,1
tails,1
trumpsters,1
royal,1
bubble,1
facebook,1
eventually,1
submerged,1
chump,1
for??,1
goddamn,1
ent,1
"bigotry,",1
activist,1
circuit,1
going,1
brat,1
non-toll,1
dylann,1
man-boy,1
fun,1
-american,1
marginal,1
overpays,1
emoticons,1
surrounded,1
finger,1
seditious,1
at,1
replacement,1
"hilary,",1
th,1
"regulations,",1
snakes,1
instead,1
lol,1
"arrogant,",1
potus,1
rudeness,1
inclu,1
whites,1
misdeeds,1
haters,1
offense,1
issues,1
fatties,1
party,1
diminished,1
king,1
accidentally,1
temporary,1
acted,1
christians,1
treats,1
sociopaths,1
oxymorons,1
hank,1
become,1
landslide?,1
anybody,1
"know,",1
kevin,1
stupidest,1
boundary,1
jr.,1
observation,1
"""clerical",1
missed,1
texan,1
roving,1
idiocracy,1
ceaseless,1
passing,1
poo,1
b*itch,1
excuse,1
lawn,1
"criminals,",1
trump!,1
f******,1
embarrassent,1
you'll,1
knows,1
damning,1
lies.,1
deceptive,1
weenie,1
non-contributors,1
"children,",1
dolt,1
parasites,1
deserved,1
blatant,1
regard,1
mericans,1
"""reality""",1
"of,",1
out,1
voted,1
basterdization,1
unarmed,1
donnie,1
james,1
mirror,1
"kick,them",1
jan,1
that,1
earlier,1
comey,1
knife,1
learners,1
competent,1
chechen,1
stupidity,1
chick,1
questions,1
d^^^,1
middle-school,1
"hapless,",1
"more,",1
offender,1
drops,1
crap,1
support,1
kitchen,1
employee,1
beast,1
"here,,now",1
useful,1
hol,1
syrians,1
gays,1
die-hard,1
creep,1
isis,1
waffle,1
seizing,1
blem,1
stinking,1
bunch,1
promises,1
carnival,1
pu$$y,1
implodes,1
fault,1
doesn't,1
shills,1
cheat,1
should've,1
advocates,1
baloney,1
pot,1
puke,1
missed?,1
level---,1
kennedy,1
p*ssies,1
threats,1
prostitutes,1
please,1
paranoia,1
tweeting,1
touching,1
mouth.,1
a$$,1
boor,1
paul,1
islamism,1
no!,1
destiny,1
animals,1
"hudak,total",1
comes,1
she's,1
disgusting?,1
"homophobe,",1
imbeciles,1
macron,1
air,1
vegas,1
abuse,1
vulnerable.,1
motion,1
snuffed,1
stomach,1
"supporters,",1
corruption.,1
concrete,1
"false,",1
ignorance.,1
continues,1
realizes,1
"it,",1
syndrome”,1
processes,1
assume,1
child,1
insulting,1
destroys,1
catastrophic,1
skim,1
now.,1
vengeful,1
"mendacious,",1
moving,1
slimy,1
hellholes,1
start,1
health,1
fukcin,1
elusional,1
bitching,1
audience,1
certainly,1
fools,1
conspiracy,1
genius.,1
turn,1
hypocrisy,1
miserable,1
psycho-killers,1
general,1
fellow,1
sun,1
idiota,1
dumbed-down,1
straight,1
educated...but,1
(such,1
america,1
this,1
folk,1
globalization,1
"opposite,",1
g,1
deny,1
much).,1
thieving,1
ironic,1
transplants,1
diaperheads,1
afford,1
rabbit,1
motivated,1
successes,1
jobs!!,1
remember,1
bait,1
"islands,",1
suckin,1
team,1
hogs,1
bds,1
moron,1
ends,1
f--k,1
spewing,1
planted,1
ugly,1
@joe,1
protest,1
probably,1
unethical,1
"misogynist,",1
massive,1
does,1
something,1
socio-pathic,1
pig,1
cry,1
suckees,1
policies,1
fiscal,1
withdrew,1
pairs,1
minimum,1
methhead,1
corrup,1
maniacal,1
extremist,1
bitchout,1
sources,1
p*ssy,1
engaging,1
war,1
same.,1
houston,1
fire.,1
fuc***,1
"""c'mon,",1
news,1
penetrates,1
"lost,",1
sunk,1
"terrible,",1
cpc,1
certainty,1
ingenuity,1
stella,1
jail,1
"boards,,",1
twit,1
"machiavellian,",1
framed,1
ended,1
ejected,1
electio,1
boycott,1
long,1
every,1
hospitals,1
"fools,",1
succcccccccccccccckkkkkk,1
mans,1
"golly,",1
running,1
potheads,1
major,1
rolling,1
self-fornication,1
alaska,1
(study),1
intolerance,1
obnoxious,1
plight,1
taste,1
cesspool,1
viciously,1
direction,1
homosexuals,1
saggy,1
1775,1
mselves,1
lust,1
goofy,1
reporter,1
blue,1
isl,1
"obama,",1
"unprincipled,",1
people's,1
fraud.,1
hypocrats,1
earliest,1
crowd,1
"do,",1
fuckshitcunt,1
"""organ",1
years,1
moron's,1
longer,1
demented,1
shot,1
....but,1
justices,1
orangemen,1
kicks,1
stake,1
scientist.,1
crotch,1
alaskans,1
pawns,1
be.,1
wackos!,1
crazy,1
sore-loser,1
paradigm,1
definitely,1
below,1
craziest,1
enough,1
payer,1
next,1
iq80,1
"patriot,",1
f*uck,1
honkey,1
cave.,1
mute,1
pusssy,1
oregon.,1
shaugnessey,1
piece,1
hypocrisy?,1
it!!,1
"this,",1
dies,1
theft,1
https://www.youtube.com/watch?v=s7uft_6kg,1
presence.,1
correct,1
infected,1
billions,1
adulation,1
"scheming,",1
gamblers,1
facts,1
built.,1
shows,1
nighclub,1
sissy,1
election,1
music,1
supreme,1
early,1
it.,1
phucketbucket,1
ready,1
lickers,1
shark,1
"and.,",1
offers,1
toward,1
pledge,1
bad.,1
steal,1
duck,1
mass,1
real,1
tulips,1
group,1
donutholes,1
mr,1
real...,1
blind,1
"lies,",1
scumbags,1
voting,1
comical,1
unparalleled.,1
blustering,1
name,1
wolves,1
bloody,1
anti-catholic,1
dignified,1
sock,1
ting,1
"crafty,",1
that...greenberg,1
fucked,1
matthews,1
without,1
period.,1
parish.,1
distinction,1
crap?,1
vacuous,1
uck,1
their,1
street,1
genitals,1
president-elect's,1
belief,1
herd,1
else,1
alaskan,1
"stupid,",1
destroy,1
stating,1
tonto,1
greater,1
"politics,",1
stupids,1
assaulted,1
tv,1
gets,1
fraudulent,1
whitehouse,1
green,1
bigotry...or,1
cheeto,1
here?,1
may,1
people,1
caring,1
cover,1
investigation,1
round,1
possible,1
dj,1
silver,1
steering,1
french,1
and,1
profiting,1
"intelligence,",1
met,1
ending,1
cluster-fuck,1
"rapist,",1
provinces,1
grave,1
upside,1
fuckin,1
drivel,1
military,1
boneheaded,1
bother,1
islamists,1
"uneasy,",1
"(1867),",1
bloodthirsty,1
radio.,1
anti-french,1
over,1
appalled.,1
"living,about",1
appropriate,1
finish,1
prove,1
rape,1
loans,1
"""muslim""",1
narcissism,1
frucking,1
crybaby,1
nobody,1
.,1
chicken,1
mainstream,1
confessed,1
fallon,1
loss,1
ms.,1
dead.,1
indee,1
cuck,1
teats,1
u.n.,1
topics,1
spoiled,1
treasure,1
"muskrats,",1
healthcare,1
/,1
traitors,1
muslims,1
urine,1
english,1
leftists,1
mow,1
5,1
moron?,1
spout,1
member.,1
demeaning,1
moved,1
gave,1
woman...,1
hoarders,1
bites,1
"housing,",1
that.,1
car,1
unity,1
lesbian,1
"owner,",1
"home,",1
august,1
waianae,1
bullying,1
dummy,1
vacuum,1
"shoe,",1
"retirees,",1
deafening,1
"asia,",1
"unscrupulous,",1
ill,1
difference.,1
bammers,1
introduces,1
despise,1
you’re,1
crystal,1
breaking,1
wearing,1
"think,",1
environmental,1
embarrassmen,1
under,1
imams,1
disproportionately,1
smug,1
looked,1
"cretin,",1
gives,1
jenkins,1
sensible,1
shocker,1
bad,1
rapists?,1
extreme,1
"stinkin,",1
{e.g.coquhalla,1
unpayable.,1
crazyasscrackalivesmatter,1
"loser,",1
question.,1
punt,1
amoebas,1
pm,1
selling,1
ceded,1
easy,1
naysayers,1
transportation,1
ny,1
spewed,1
patient,1
yours,1
meet,1
duty,1
"disgusting,",1
vapidity,1
legislature,1
malice,1
bastion,1
"""winner""",1
snit...how,1
mostly-free,1
attended,1
repressive,1
immature,1
four,1
"way,",1
weasel,1
lefty,1
convince,1
whiny,1
unhelpful,1
pathetic,1
weirdo,1
libelous,1
liars.,1
price,1
soap,1
her,1
begin,1
entirely,1
"manipulated,",1
nothing,1
popular,1
dig,1
byline,1
girl,1
dumber,1
republican,1
government,1
spread,1
build,1
etc.),1
ld,1
courage,1
friggen,1
took,1
"""extreme",1
terrorists,1
none,1
families.,1
misogynic,1
slogans,1
wow,1
numbers,1
hung,1
flavored,1
accept,1
nards,1
stupidiity,1
oval,1
bonded,1
mud,1
hells,1
terrorize,1
only,1
he',1
"up,",1
heroine,1
"reckless,",1
friggin,1
shouldn't,1
three,1
union,1
enjoy,1
response,1
f^ck,1
paid,1
rip-off,1
stfu,1
iii,1
hate.,1
place,1
"others,",1
conclusion,1
seventh,1
buffoon,1
drinking,1
barraged,1
(and,1
calls,1
spouts,1
kidnappers,1
bumbling,1
deviants,1
incompetence,1
neutered,1
milksop,1
begich,1
grasp,1
hand,1
day?,1
pretended,1
agent,1
"spending,",1
"ashamed,",1
ethic,1
reek,1
blasted,1
brought,1
disguised,1
decisions,1
born,1
return,1
described,1
beat,1
privilege,1
concern,1
seemed,1
worked,1
please...,1
coming,1
treacherous,1
s***,1
jpwpg,1
given,1
slave,1
hunting,1
washed,1
margaret,1
evangelicals,1
unpopular,1
retards,1
guys,1
kushner,1
hustler,1
undoubtedly,1
masse,1
culture,1
s**t,1
bang,1
"racist,",1
boots,1
wimpy,1
lie,1
displace,1
"deviants,",1
b@stard,1
stone-stupid,1
wouldn't,1
profound,1
ignoring,1
trump...he,1
fascist,1
intransigence,1
kissed,1
trash-talk,1
charlatans,1
century,1
mccain.,1
jerk,1
existing,1
developed,1
amazing,1
puppets,1
misssel,1
trumpean,1
intelligent,1
fathe,1
anti-israel,1
runnin,1
psycho,1
reich.,1
meth,1
jt,1
live,1
"officers,",1
think.,1
reform,1
repulsive,1
should,1
willful,1
provinces),1
(whose,1
pedophilia,1
nutter,1
trumplodites,1
"residents,",1
ludicrously,1
she,1
trumpster,1
blindness,1
dirtbag,1
made,1
"putin,",1
"it""",1
generations,1
"olds,",1
budget,1
tolerated,1
pale.,1
bollocks,1
"though,",1
vagabond,1
shadowy,1
trumpkin,1
western,1
"defense""?",1
mp,1
sexists,1
oafish,1
messenger,1
dumb,1
fist,1
sometimes,1
callin,1
slide,1
idiototic,1
iberal,1
"infiltrator,",1
several,1
fiddles,1
elected,1
weewili,1
(as,1
"suspect,",1
ex-wi,1
"balls,",1
parish,1
apd,1
friggin',1
deviant,1
usa,1
darned,1
surprised,1
dud,1
"""gay",1
felon,1
style--is,1
brain,1
yes,1
mccai,1
orchestra,1
differently,1
have?,1
1diot,1
borders/,1
putty,1
reichwing.,1
minority,1
uneducated,1
211,1
bloated,1
?,1
"believe,",1
ever-so-holy,1
legislation,1
tradition,1
te,1
candidate,1
acosta,1
pig-headed,1
shoots,1
body,1
cultural,1
goldigger,1
pu$$ies,1
intere,1
"detriment,",1
uncaring,1
~,1
ignorance,1
jacka**,1
months),1
classic,1
lil,1
faux,1
pants,1
son,1
"serving,",1
genuinely,1
intolerent,1
worst,1
ashamed,1
sucks,1
hapless,1
wing-ed,1
narrow-minded,1
fuck,1
guilt,1
christopher,1
tienamen,1
knucklehead,1
lawyer,1
warped,1
traitorous,1
toddler,1
information,1
mous,1
woman,1
yourself,1
push,1
participated,1
"were,",1
"*itches,",1
women,1
"peace,",1
homophobic,1
conflation,1
sign,1
other,1
"""thank",1
bigotry,1
wipe,1
buts,1
bozo,1
undertrained,1
masturbation,1
orlando,1
typical,1
reader,1
fan,1
said,1
blacks,1
klan,1
me',1
"stupid,fat",1
town,1
which,1
suggest,1
coward,1
"alberta,",1
columnist,1
forbidding,1
"checking,",1
office,1
trumpnut,1
fuckwad,1
"4,",1
advocate,1
nasty,1
mother,1
49,1
soon,1
disagree,1
fornicating,1
jack,1
bag,1
new,1
entitled,1
"""religious",1
"machines,",1
socialists,1
licking,1
similar,1
criticizing,1
cd,1
dems,1
thomas,1
ruthless.,1
"eaters""",1
pointless,1
morals,1
dunce,1
sad,1
racial,1
......eh?,1
un-deserving,1
dust,1
theocracy,1
parents,1
"violence,",1
yo,1
carol,1
divide,1
comment:,1
"idiots,",1
find,1
suffer,1
palin,1
unhinged,1
irrefutable,1
matter?,1
"islamophobe,",1
great,1
trump's,1
arctic,1
mafia,1
"offender,",1
hatred,1
xenophobia,1
ignorant,1
storm,1
bigger,1
moochers,1
useless,1
chumps,1
assaults/rape,1
faith,1
personality.,1
strangle,1
misogynists,1
sucking,1
funding,1
combination.,1
orange-haired,1
verified,1
calculated,1
substantial,1
chauvinist,1
captain,1
russia,1
banned,1
"bigoted,",1
marty's,1
shamefull,1
damaged,1
york,1
biggest,1
slap,1
virus,1
warrants.,1
lynching,1
huge,1
does.,1
wealthy,1
rookie,1
successful,1
responded.,1
progressive,1
hitmen,1
illiterates,1
soul,1
obama,1
co,1
integrity,1
cor,1
plain,1
poopy,1
dearborn,1
orbit,1
machine...,1
eating,1
competitive,1
into,1
"despicable,",1
folk's,1
throwing,1
corrupt,1
outrageous,1
ridiculousness,1
begin!!,1
etc,1
danger.,1
matter,1
taxpayer,1
boorish,1
destroyed,1
"underhanded,",1
chicago,1
"""idiot""",1
network,1
oooooh!,1
unwashed,1
forked,1
perpetrators,1
president.),1
cow,1
troll.,1
looking,1
trumplethinskin,1
nations,1
tax,1
socialist,1
bottom,1
dope,1
"east,",1
lot,1
hurts,1
god's,1
bums,1
they'll,1
deluded,1
"sympathizer,",1
'demonic',1
china,1
o.,1
leads,1
wants,1
"""non",1
belongs,1
rag,1
hooker,1
purity,1
shifty,1
legislators,1
pr,1
trump-as-useful-idiot,1
"fail""????",1
pair,1
close-minded,1
sacks,1
heard,1
f#ck,1
niqab,1
bumbler,1
apostates,1
internets,1
illegally,1
satan,1
awa,1
ennedy,1
changing,1
racist.,1
segment,1
comedian,1
kadar,1
background,1
collar,1
behal,1
accountable,1
closed,1
welfare,1
h,1
opportunity,1
=,1
babies,1
minister,1
sexual,1
now.....sad,1
"thinking,",1
dumbest,1
servicemen.,1
obtuse,1
cohn,1
thousands,1
japanese,1
rich,1
unite,1
sitter.,1
so-called,1
mcgregor,1
'rocket,1
island,1
low-iq,1
toughest,1
difference,1
frightening,1
transvestite,1
lady,1
mercur,1
"god""",1
dummycrats,1
section,1
praising,1
rat,1
blew,1
relativism?,1
flaming,1
schmucks,1
inconsiderate,1
catholic,1
politically,1
cohn.,1
shovel,1
attempted,1
iraq,1
interview,1
though,1
fai,1
thousand,1
"show,",1
12,1
same,1
sycophantic,1
times,1
checks,1
villagers,1
devoid,1
refugee,1
"scale,",1
appeasement,1
"sincerely,",1
plagiarist,1
react,1
anti-religious,1
"insincere,",1
douchebag,1
secutitas,1
puking”,1
continue.,1
mind.,1
voters,1
progress,1
egomaniac,1
ka,1
expulsive,1
sales,1
mr.,1
snowflakes,1
parents.,1
u,1
stale,1
"article,",1
content,1
squiggly,1
laughable,1
tit-sucking,1
"sneaky,",1
'reba/usery-like-agenda',1
squad,1
buying,1
bullshit,1
pandora's,1
kenoi,1
pulled,1
measly,1
"lust,",1
allowed,1
check,1
childish,1
writing,1
clumsy,1
dull-witted,1
beaters,1
wallace,1
burden,1
cats,1
llecting,1
embarrassing,1
recognize,1
representative,1
maypo,1
head.,1
hate-filled,1
posting,1
shit,1
reckless,1
when,1
"president-elect...""",1
opposing,1
...with,1
constitution,1
mamparas,1
united,1
added,1
what's,1
nuclear,1
hit-man,1
harping,1
asshole,1
omar,1
first,1
dealer,1
piglets,1
efinitions,1
pandered,1
"office,",1
trol,1
bud,1
homosexual,1
hillary,1
dear,1
dumped,1
squeeze,1
petty,1
vol,1
"""",1
sentences,1
spare,1
shi*ty,1
yup,1
obamacare,1
life.,1
comment,1
credit,1
attention,1
"phrase,",1
supposed,1
sluts,1
putrumpski,1
as,1
use,1
wooden,1
_____and____,1
idiotic,1
stoves,1
invested,1
refugees,1
gang,1
oil,1
there,1
wimp,1
calgary!,1
did,1
horse,1
demanding,1
obvious,1
blood-sucking,1
p,1
filled,1
taxpayers,1
thrown,1
suppose,1
surge,1
clitoris,1
condemning,1
slaves,1
worm,1
shite,1
feels,1
"negligent,",1
potty,1
ukrainian,1
schill,1
wome,1
hack,1
native,1
it,1
clin,1
stalker,1
revolution,1
clueless,1
i'd,1
promising,1
sense,1
50,1
they'd,1
brains,1
rantings,1
thin-skinned,1
"""negligence""",1
governor,1
won’t,1
p****,1
apprentice.,1
gun,1
fringe,1
following,1
manbearpig,1
govern,1
fucks,1
f.,1
holes,1
mouthbreathing,1
idiocy,1
"ple,",1
let's,1
was,1
scoundrel,1
"homosexuals,",1
"form,",1
globalist,1
pedo,1
right.,1
f***,1
actors,1
strain,1
clown,1
insignificant,1
buttercup,1
brazen,1
"tricky,",1
plum,1
yanked,1
marketing,1
condoning,1
niggers,1
locals.,1
"taxpayer,",1
commie,1
band,1
film,1
"revenue,",1
coke,1
you're,1
thoughtless,1
seething,1
deep,1
o,1
brown,1
refusal,1
islamist,1
well.,1
extremely,1
ago!,1
300,1
robs,1
oxymoron,1
dreamers,1
alcohol,1
ass,1
somebody,1
b*stards,1
maddow,1
"marxist,",1
skin,1
ago,1
stupidiest,1
spy,1
patterns,1
victims,1
foul,1
yard,1
exists,1
"mark,",1
att,1
torment,1
economically,1
conveniently,1
scummy,1
norm,1
nine,1
atlantic,1
"government-approved,",1
okay,1
cu,1
goofs,1
4,1
"agenda,",1
truly,1
well,1
can,1
clean,1
cringing,1
murder,1
"dishonest,",1
prison,1
happened,1
ratings,1
mean-spirited,1
selfie-eager,1
"puppets,",1
robbery,1
its,1
won't,1
continue,1
depraved,1
accused,1
states',1
documentary,1
engage,1
for.,1
killed,1
fo,1
kicked,1
…,1
"snowflakes""",1
"""winner"".",1
redirected,1
gorsh,1
earn,1
newt!,1
small,1
republican...just,1
trumpet,1
posturing,1
situation,1
senior,1
associated,1
pick,1
stands,1
appearing,1
shoplifting,1
gangs,1
wtf,1
"""leader",1
germany,1
jerks,1
seriously,1
interest,1
"california,",1
disreputable,1
senators,1
seldom,1
judge,1
done,1
sht,1
retard,1
macho,1
raping,1
spellcheck,1
yates,1
wouldnt,1
between,1
despicable,1
st.louis,1
kissing,1
it?,1
cops,1
lipstick,1
lester,1
vagina,1
forward.,1
came,1
seriously*,1
russia's,1
scrub,1
ku-ku-klowns,1
insidiously,1
say,1
friends.,1
stupdity,1
complicit,1
yourselves,1
pitbulls,1
alaska:,1
grocery,1
physical,1
oppresser,1
prick,1
zoo,1
"dante,",1
criminals,1
renzetti,1
stereotype,1
speculators',1
parted,1
planned,1
»,1
ugh.,1
case,1
cheap,1
pendejo,1
bullet,1
borin,1
skinheads,1
alw,1
arse,1
african,1
ryan,1
book,1
hat,1
media,1
muslim.,1
administrators.,1
almost,1
society,1
neo-nazis,1
grantham,1
enterprises,1
loud,1
sickly,1
woman-hating,1
inane,1
unapologetic,1
bodies,1
rants,1
letter,1
kick,1
cop,1
bounds,1
nothing.,1
ideologues,1
nincompoop,1
caliphate,1
"long,",1
men,1
presidential,1
were,1
resolution,1
saving,1
"liar,",1
man!,1
"potheads,",1
mierda,1
likes,1
good,1
those,1
secretly,1
li,1
ex,1
reddit,1
rediculous,1
enslave,1
immoral,1
railway,1
iranian,1
expected,1
schools,1
toad,1
signed,1
flawed,1
fi,1
coffin,1
granddad,1
airports,1
spew,1
chinos,1
deranged,1
escalating,1
westerners,1
"contributors""",1
goon,1
reconquest,1
waddles,1
sh**load,1
indefensible.,1
egg,1
delusive,1
regime,1
midgets,1
savant,1
sexuality,1
"'study',",1
twisted!,1
veterans,1
fanatics,1
"cunning,",1
hatter,1
"thieves,",1
telling,1
ack,1
oceanic,1
silly.,1
fear.,1
arresting,1
legal,1
sweep’,1
scared,1
tupid,1
sobs,1
associations.,1
unmask,1
conservativ,1
bullsshit,1
"vetting""",1
misleading,1
ginsburg,1
russians,1
purge,1
foul-mouthed,1
"debt,about",1
"korea,",1
"drugs,",1
provoke,1
cadaverous,1
incurables,1
"wave,",1
little,1
courts,1
he,1
accepted,1
sharia,1
economic,1
knock,1
"clogs,",1
silliness,1
freedoms,1
"vendors,",1
"nagged,",1
program,1
teenager,1
anti-military,1
want,1
"allie"":",1
authority,1
delusional,1
parasite,1
junior,1
laden,1
poverty,1
proper,1
faggot,1
nutty,1
othe,1
executions,1
cdns...,1
dickhead,1
government.,1
helping,1
pervert,1
"well.""",1
trim,1
illogic,1
"money"".",1
northeast,1
politics,1
porn,1
women's,1
exterminate,1
worse,1
icbms,1
frezin,1
creating,1
smarts,1
walked,1
$#it,1
amount,1
shooting,1
state,1
thought,1
trigger,1
tired,1
trolling,1
"fascist,",1
grabbed,1
actually,1
pulse,1
dirty,1
decent,1
pc,1
rump's,1
smidgeon,1
remotely,1
damn,1
try,1
supe,1
lucifer,1
adolf,1
fascists,1
misfit,1
"potus,",1
sucessful,1
inexcusable,1
knifed,1
cretinous,1
"sellers,",1
moon,1
***,1
replacing,1
account,1
voila,1
stupidestpresidentever,1
ditty,1
wilful,1
ferry,1
me,1
tipped,1
inaction,1
"it""s",1
kool,1
pushed,1
idiot.,1
freakin',1
nut,1
streak,1
dimwit,1
devil,1
draw,1
cards,1
flogging,1
on,1
taking,1
icbm,1
authoritarian,1
long.,1
pesky,1
forgot,1
crazies,1
no,1
filed,1
tresspasser,1
intraprovincial,1
rear,1
dementia,1
educated,1
madmen,1
buttholes,1
notwithstanding,1
strippers,1
sloughing,1
mad.,1
antifa,1
"own,",1
clothes,1
hiney,1
wasn't,1
"two-faced,",1
starts,1
example,1
spent,1
sleazebag,1
w/some,1
failed,1
cancer,1
pedophilia?,1
pedophiles,1
somewhere,1
québec,1
"close,",1
bullies,1
acism/stupidity,1
barge-pole.,1
house,1
against,1
sicko,1
stinky,1
radical,1
shawls,1
feminists,1
excep,1
crude,1
icky,1
malaria,1
showin,1
classified,1
quasi-communist,1
rightee,1
harry,1
how,1
criminal,1
hags,1
mere,1
pointed,1
pedestrian,1
favoring,1
driver,1
certain,1
p****ies,1
bus,1
seminary,1
"racists""",1
offensive,1
facts.,1
"eradicated,",1
cuckold,1
powerful,1
devin,1
anyway,1
comments,1
complex?,1
perfect,1
uk,1
rachel,1
butt,1
kong,1
jesus,1
pride,1
canada.,1
meeting,1
junky,1
is.,1
so,1
loudmouth,1
spouses,1
terrorism,1
watching,1
international,1
"boy,",1
dumba,1
cipating,1
clowns,1
dork,1
knee-jerk,1
tonight,1
elections,1
cience,1
loser5,1
hated,1
dog,1
miserably,1
supporters,1
mass-murdering,1
wrongful,1
texans,1
latest,1
summary,1
needs,1
donald,1
cocaine,1
nazi,1
imbecilic,1
secretary,1
pompous,1
dis-cuss,1
f-ing,1
xenophobes,1
psychopath,1
left...,1
head,1
absurdity,1
smelly,1
"believer,",1
seminaries,1
racism,1
crap!,1
crook,1
weird,1
restricted.,1
prejudices,1
"medication,",1
grabber,1
increase.,1
mongering--the,1
renegotiation,1
housing,1
pu**y,1
dweebs,1
schweitzer,1
any,1
donkeys,1
wanted,1
burst,1
writer,1
lots,1
advocated,1
innocents,1
revenue,1
ludicrous,1
shitty,1
equated,1
meals,1
"perfect,",1
making,1
members,1
petulant,1
false,1
top,1
my,1
a**holes,1
genocidal,1
getting,1
events,1
dictator,1
changed,1
bet,1
accurate,1
who,1
"love,",1
washington,1
d*ck,1
"vegas,",1
"teacher,so",1
"jonah,",1
terribly,1
eloquently,1
ocean,1
trying,1
disgraceful,1
let,1
conniving,1
advantage,1
loved,1
majority,1
bulbs,1
mc,1
almost-still,1
trash.,1
ignore,1
"me,",1
another,1
fool's,1
cannot,1
such,1
"have,",1
characters,1
awful,1
missiles,1
depends,1
bolt,1
pal,1
"dick,",1
act,1
"christians,",1
yuck,1
humans,1
america.,1
unfair,1
time,1
pa`a,1
oppressive,1
"""posts""",1
valley,1
islam,1
tripe,1
likely,1
costs.,1
pipelines,1
salivating,1
breed,1
abuser,1
sloter,1
manipulative,1
slaps,1
nearby,1
illiterate,1
herself,1
guy,1
wron,1
neighbor,1
incredibly,1
over.,1
"reasonable,",1
idiots',1
ndp,1
troll,1
cap,1
silly,1
obstinacy,1
ickers,1
desperate,1
gra,1
prepared,1
cockroach,1
ilks.,1
44,1
israel,1
gluttons,1
found,1
promote,1
behavior,1
slut,1
considered,1
signaling,1
gomer,1
bungling,1
tailgating,1
deliver,1
rant,1
morons,1
odd,1
popo,1
investment,1
front,1
damnable,1
hypocritica,1
wh@res,1
idea,1
omment,1
galore,1
leg,1
mess,1
country?,1
addicts,1
holds,1
perverted,1
original,1
opposes,1
parties,1
lashes,1
rancid,1
flagging,1
"girl,",1
scotus,1
corrupted,1
w,1
pestered,1
manipulating,1
antichrist,1
order,1
stewpid,1
chooses,1
impostor,1
hilariously,1
left-wing,1
gunshot,1
stores.,1
meme,1
carbon,1
liberation,1
nauseating,1
west,1
bonkers,1
snowflake,1
option,1
horrific,1
sentence,1
filth,1
religious,1
"""pond",1
stupefying,1
flying,1
across,1
work,1
hard,1
swine,1
obamma,1
charge,1
narcisist,1
aca,1
"usa,",1
knave,1
bandwagon,1
niger,1
poor-me,1
unruly,1
bass-ackward,1
organ,1
attitude,1
if,1
stupider,1
slacker,1
ou're,1
laziness,1
thing!,1
right-wing,1
dipshit,1
dead,1
caesar,1
shambling,1
more,1
grumpy,1
beach,1
"crooks,,",1
edmonton.,1
court,1
tighten,1
asn't,1
tyrant,1
amy,1
beyond,1
creepy,1
food,1
vicious,1
foreign,1
lizard,1
episode,1
leaves,1
pussies,1
fu/k,1
division,1
among,1
offenders,1
argue,1
hence,1
urprised,1
day,1
collected,1
orchestrated,1
face,1
sunny,1
wrap,1
murders,1
stuck,1
states,1
politician,1
deceitful,1
pejoratives,1
anonymous,1
trolling.,1
"me""",1
narly,1
tell,1
windstorm,1
pu*ssy,1
cretins,1
hookers,1
kidnap,1
erratic,1
allegiance,1
nation,1
mention,1
liar,1
hold,1
anyone,1
swedes,1
bring,1
"problem,",1
children's,1
twaddle,1
mudered,1
minds,1
danger,1
short,1
duh.,1
hero.,1
packing,1
bs,1
radicals,1
"good,",1
negotiating,1
invaders,1
"impractical,",1
pulpit,1
redneck,1
"is,",1
"std""",1
completely,1
basically,1
perfectly,1
afraid,1
cannon,1
civilbot,1
hought,1
i,1
airmiles,1
throw,1
truth.,1
insult,1
he/she,1
forces,1
stooooopid,1
hillbilly,1
incompetent,1
mexican,1
foolish,1
goes,1
"here,",1
spin,1
enslaved,1
rough,1
killings,1
love.,1
"does,",1
pucker,1
satirizing,1
regressive,1
poorly,1
f--king,1
ball,1
trolls>,1
raving,1
"gross,",1
generate,1
killer,1
globaist,1
mean-spiritedness,1
(where,1
life,1
dumb-bell,1
am,1
disordered,1
borrowing,1
ovaries,1
tribe,1
fight,1
we're,1
feeble-minded,1
creature,1
goofball,1
sally,1
rare,1
orange.…,1
mock,1
"well,",1
populist,1
cares,1
immorality,1
catholics,1
business,1
sore,1
"again,",1
obama's,1
dick,1
division.,1
president;,1
fabricator,1
kids.,1
thief,1
burns.,1
enemies,1
ideas,1
taxes,1
400,1
religion,1
bigot,1
phrase,1
choice,1
usefull,1
liberal,1
québec.,1
"fearful,",1
mentally,1
disgusti,1
druggies,1
american,1
disagrees,1
ideals.,1
wayne,1
passive-aggresive,1
hurricane,1
fortunately,1
supremacist,1
punch,1
treasonous,1
tightened,1
illegals,1
sociopath,1
ottawa,1
killing,1
so...what?,1
supremacist.,1
korea's,1
hate-on,1
$3.2,1
suffe,1
cock,1
nationwide.,1
forcefully,1
think,1
hates,1
exceeded,1
kerry,1
mind,1
thugs.,1
whats,1
critique,1
respect,1
you.,1
sold,1
selfish,1
$17.3,1
waiting,1
flipflops,1
witch,1
supremacists,1
lightning,1
put,1
merely,1
happy,1
stuffed,1
"douchebag,",1
run!,1
"market,",1
hey,1
lousy,1
possibly,1
step,1
misogamy,1
"insecure,",1
button,1
pence,1
platform,1
stench,1
russian,1
fooled,1
enlargers,1
losing,1
hateful,1
better,1
mainland,1
australians,1
send,1
pervasiveness,1
massacre,1
issue,1
"badgered,",1
petullent,1
mentioned,1
idiols,1
dollars,1
twisted,1
north,1
minded,1
blackface,1
things,1
bacon,1
morality,1
mirrors.,1
countries,1
"worse,",1
sticking,1
hermit,1
scin,1
dail,1
hail,1
neolib,1
william,1
marks.,1
incompetents,1
cursed,1
shameless,1
egotistical,1
coutry,1
cold,1
stealing,1
small-minded,1
cunt,1
"etc.),",1
patriot,1
32,1
"doctrine,",1
"yeah,",1
attempting,1
weaver's,1
prayer,1
raped.,1
mexicans,1
consider,1
impeached.,1
masse.,1
sexism,1
hpd,1
bill,1
sour,1
coal,1
contributing,1
wording,1
endrose,1
stuff,1
land,1
propaganda,1
disrupt,1
disabled?,1
mindless,1
two-faced,1
wors,1
decorum,1
favours,1
returns,1
suits,1
behavior.,1
violation,1
communist,1
opened,1
too,1
class.,1
couple,1
blather,1
"protests,",1
pathetically,1
rail,1
patr,1
junk,1
maniacs,1
chickenshit,1
xenophobic,1
collective,1
critics,1
sector.,1
buffoon.,1
"sleeping,",1
funny,1
daft,1
pathet,1
slapping,1
once,1
paying,1
pb,1
rise.,1
walks,1
silence,1
penis,1
population,1
minder,1
"duplicitous,",1
see,1
pan,1
nutcase,1
predators,1
'empty,1
butts,1
legacy,1
"nope,",1
anchorage,1
thieves,1
becoming,1
fetid,1
righteous,1
dropping,1
"dirty,",1
iq,1
image,1
dine,1
classroom.,1
bogus,1
hungry,1
"bait,",1
douchebags,1
egocentric,1
scandal,1
earbuds,1
greatly,1
member,1
blow-hard,1
trumptards,1
dumbie,1
s__t,1
townships/,1
"course,",1
swat,1
hypocritical,1
nor,1
crooked,1
godwin,1
agree,1
"excrement,",1
are,1
hassled,1
multi-generational,1
grabbin',1
rats,1
skirt,1
"""civil/uncivil""",1
disobedience,1
sound,1
nowadays,1
games,1
"conservative,",1
walk,1
fink,1
seekers,1
stabs,1
amen,1
"reason,",1
sh!t,1
stupib,1
dictatorship,1
nutters,1
dweeb,1
primitive,1
muslimists,1
cult,1
opportunistic,1
evidence,1
homophobe,1
degenerates,1
face.,1
"now,",1
depth,1
whomever,1
explosive,1
korea,1
puppy,1
slowly,1
"thugs,",1
sickos,1
creatures,1
"garbage,",1
world:,1
wives,1
deadbeat,1
pinch.,1
lavender,1
preaches,1
seconds,1
trumpelthinskin,1
whatta,1
trumpniks,1
lovers,1
tual,1
drugs,1
sides,1
climate,1
feel,1
schatz,1
invading,1
loyalists,1
intellectual,1
immigrant,1
stop,1
ass.”,1
dishonorably,1
appearance,1
high,1
hating,1
boy.,1
simpleton,1
.forced,1
furhrer,1
christian,1
fm,1
horseshit,1
!,1
[to,1
fake-news,1
lumps,1
ordered,1
beside,1
sure,1
less,1
koolaid,1
polynesians,1
tourism,1
hair,1
bakery,1
angry,1
"people,",1
policy,1
showing,1
streets.,1
favour,1
"liars,",1
kids,1
boss,1
gluttony,1
exactly,1
darn,1
lollipop,1
"""ludicrous",1
sounds,1
roundabout,1
knew,1
ignoramu,1
tenets,1
"change,",1
"prp,",1
trappers,1
fiasco,1
natives,1
upsetting.,1
widow,1
jeff,1
ahead,1
"that,",1
less.,1
penetrated,1
project,1
prejudiced.,1
don;t,1
"old,",1
ridiculous,1
pant,1
hate,1
doomed,1
washington.,1
screw,1
prince,1
arkansas,1
dumbweazy,1
neighbors,1
thinks,1
web,1
game,1
communists,1
elevated,1
post,1
blurt,1
kill...,1
retired,1
washing,1
teenagers,1
democrats/liberals,1
best,1
sympathizer,1
torture,1
after,1
country.,1
looser,1
justin,1
"""analysis",1
pieces,1
speak,1
helplessly,1
immense,1
facilities?,1
pfd....it,1
pitts,1
becomes:,1
aussies,1
f&ck,1
unfit,1
inclusive,1
votes,1
"""trump",1
unconvincing,1
again.,1
drew,1
loose,1
dealers,1
knocked,1
job,1
"sexist,",1
trump-humpers,1
spurt,1
eco-radicals,1
reproduce,1
remains,1
witted,1
helps,1
y,1
sillie,1
peoples',1
ba,1
looney,1
sans,1
infantile,1
hero,1
disease,1
rational,1
toys,1
fn$hit,1
"""all""",1
dirtiness,1
muffed,1
until,1
entire,1
pure,1
gonna,1
criticized,1
complaining,1
consensu,1
client,1
pays,1
fix,1
"""ever",1
suckers,1
nightma,1
totally,1
acts,1
teaching,1
belong,1
establishment,1
malignant,1
uninformed,1
ethnicities,1
looks,1
pfd,1
comming,1
est,1
ignoramus,1
"to,",1
brain),1
baby,1
condemne,1
opposition,1
muslims.,1
savings,1
sociopathic,1
homeless,1
lips,1
connected,1
treat,1
dont,1
testicules,1
acist,1
-eating,1
pets,1
grabbing,1
vultures,1
off,1
halifax,1
wael,1
neo,1
joined,1
"persons,",1
ereas,1
through,1
hotel.,1
immigrants,1
un-smart,1
future,1
(stupid),1
shit-heads,1
h-o-l-e,1
china's,1
rid,1
"#unlearn150,",1
road,1
hit,1
starved,1
study,1
supports,1
ass's,1
maggots,1
rates,1
illness,1
end,1
incapable,1
pseudonyms,1
prostitution,1
fanboy,1
un,1
hands,1
droppingly,1
fashy,1
comrade,1
civil,1
claiming,1
europe,1
duh,1
highlight,1
ye,1
loser,1
hole,1
sed,1
dullard,1
slow,1
"anarchist,",1
pretty,1
distractions,1
"racists,",1
gear,1
pulling,1
"""a",1
tru,1
"""president",1
beaten,1
each,1
"rotten,",1
holy,1
belligerent,1
shootings,1
win,1
liars,1
sniveling,1
"right"",",1
"bud,",1
lot.,1
purp,1
maudlin,1
mentor,1
buddies,1
neonazis,1
despicable.,1
1),1
second,1
provide,1
odious,1
kraut,1
nation.,1
own,1
hardly,1
i'm,1
"he,",1
news?,1
slavery,1
pseudo-human,1
#whitefragilitycankissmyass,1
caught,1
spoon,1
ea,1
shameful,1
the,1
(black),1
jackass,1
crap-italism,1
misogynistic,1
potential,1
insane,1
ignoranc,1
years.,1
"wrong,",1
'look,1
murdered,1
due,1
carry,1
begging,1
administration,1
thinks.,1
"greedy,",1
statement,1
neocons,1
f***ing,1
enamoured,1
woefully,1
bashing,1
beloved,1
canucks,1
past,1
fking,1
guess,1
syria,1
a,1
"lord,",1
"crazy,",1
stage,1
walkers,1
irrelevant,1
swiss,1
whatever,1
traitor,1
naz,1
everybody,1
"""collateral",1
feckless,1
a**,1
urges,1
ridiculously,1
pumpkin,1
white-trash,1
might,1
bastardos,1
internet,1
automatically,1
full,1
"me.""",1
scams,1
punks,1
"gun,",1
maybe,1
disgust,1
duped,1
harm,1
jackasses,1
freakin,1
either,1
"women,",1
active,1
"pegged,",1
plenty,1
ignored,1
spineless,1
bitches,1
****hole,1
foot,1
yrou,1
"civility,",1
gain,1
principles,1
england,1
chair,1
young,1
with,1
detected,1
dangerous,1
braying,1
wiretaps,1
zika,1
ridicule,1
cra,1
together,1
trumps,1
misadventure.,1
douche,1
1690,1
collaborators,1
care,1
colkoch,1
arrogant,1
penis-extension,1
heel,1
"immigrants,",1
greetings!,1
experience,1
insolent,1
article,1
she'd,1
misinformed,1
abroad,1
willing,1
cabbage,1
"thinking.""",1
vanity,1
"sly,",1
evil...,1
old,1
dopers,1
probabl,1
foo,1
organization,1
wonders,1
thugs,1
sia,1
vote.,1
seem,1
snot,1
penalty,1
address,1
rampant,1
semi-,1
situation.,1
personally,1
*,1
publican,1
blood,1
family,1
conservatives,1
non,1
unfaithful,1
damned,1
stunk,1
god,1
heating,1
yet,1
sleaze,1
slick,1
"illegal,",1
f'n,1
reading,1
fuckers,1
luck,1
new-stupid-fucking-asshole-topia.,1
libertarian,1
transgenders,1
meter,1
dubious,1
untrue,1
rights,1
pedophile,1
leftist,1
attacker,1
duterte,1
lies/propag,1
goddammit,1
pope,1
africans,1
",nazi,and",1
goofiest,1
night's,1
spirit,1
roof,1
unrational,1
seen,1
taken,1
dung,1
moronski,1
sheriff,1
idioters,1
message,1
mexico,1
none!,1
fool,1
at's,1
libbies,1
info,1
"""journalists""",1
complex,1
lunatics,1
manor,1
bush,1
anything.,1
uneducated.,1
n.,1
smoked,1
walking,1
died,1
goodbye,1
society.,1
rationalize,1
"""liberal",1
review,1
cold-hearted,1
detest,1
insan,1
'em,1
site,1
believes,1
laughing,1
posted,1
stu,1
glenn,1
marxist,1
trait,1
working,1
"small-minded,",1
s%#cks,1
10,1
bs.,1
ding,1
sheep,1
garbage?,1
namely,1
riddens,1
wolf,1
that's,1
"roads,",1
childlike,1
mouthed,1
"petulance,",1
unlike,1
lucife,1
attracted,1
wake,1
"""innovation,""",1
"maladroit,",1
unwelcome,1
turned,1
room,1
clapper,1
for,1
roy,1
laugh,1
"""a""",1
racis,1
ill-mannered,1
b@st@rd's,1
incredulously,1
out-of-stater,1
clinton,1
programme,1
hang,1
large,1
sex,1
stayed,1
doctor,1
suspects,1
border,1
babbling,1
double,1
"family,",1
one/ten,1
one,1
scum,1
his,1
incarnate,1
witless,1
infidels,1
ducks,1
oregon's,1
grammar,1
give,1
newspaper,1
"whore""",1
"system,",1
"dumb,",1
"stupid,selfish",1
credibility,1
ple,1
nigers,1
daughters,1
obviously,1
daily,1
riding,1
engineers,1
kelley,1
irrational,1
fired,1
stober,1
ose,1
stopped,1
tonne,1
or,1
"yep,",1
hrc,1
treated,1
"he""s",1
private,1
"""useless",1
unacceptable,1
toilet,1
tearing,1
narcissist,1
"trudeau,",1
knowledge.,1
freeway,1
fuckoff,1
soulless,1
conservative,1
(you?),1
self-regarding,1
funds.,1
transgender,1
losers,1
civility,1
ahole,1
statements,1
crappy,1
lone,1
kisser,1
wont,1
quotation,1
penniless,1
plague,1
ungrateful,1
loon,1
them,1
truth,1
syri,1
racist,1
side,1
re,1
vermin,1
lottery,1
bat***,1
shut,1
around?,1
"""cool""",1
white,1
yada,1
"necessary,",1
rapist-in-chief,1
koran,1
canadian,1
marriage,1
now,1
stupida,1
bahble,1
dustbin,1
cellulite,1
petard',1
patsies,1
terminal,1
a****le,1
dimwitted,1
forbid,1
tiki,1
roll,1
chechnya,1
negativity,1
doctrines,1
already,1
"whatever,",1
vulgar,1
remove,1
"reporter"".",1
gross,1
coast,1
like,1
runs,1
pals,1
"nurses,",1
confront,1
fumpy,1
whole,1
kook,1
fire,1
poeple,1
"out,",1
"uneducated,",1
booth,1
e,1
inept,1
dammit,1
2016,1
head!,1
keeping,1
vandalize,1
lefties,1
big,1
aggressive,1
"issues,,",1
swift,1
"deaf,",1
often,1
giant,1
arsehole,1
inferior,1
position,1
red,1
"poster,",1
updates,1
grandstanding,1
lying;,1
"eh,",1
sucker,1
chattels,1
ocd,1
rotten,1
hilarious,1
simple,1
clearly,1
feed,1
tha,1
filthy,1
lying,1
pushing,1
announced,1
islamaphobe,1
damages-,1
sandy,1
anal,1
clemente,1
blinders,1
access,1
cum,1
too?,1
damnit,1
dishonest,1
«,1
correctness,1
f*cking,1
irresponsible,1
avowed,1
bleeding,1
picture,1
naive,1
stupid..is,1
"burka,",1
queen,1
family.,1
look,1
nova,1
spawn,1
burn,1
"ah,",1
wwiii,1
consumers.,1
fart,1
destroying,1
them.,1
smoke,1
sh*t,1
endowment,1
13,1
hawaiians,1
gnorant,1
pay,1
knuckdraggers,1
killers,1
"sicko,",1
2,1
"abstract,",1
highs.,1
misguided,1
bit,1
confederate,1
surrounding,1
bastard,1
illnesses,1
libtards,1
windbag,1
shame,1
"""darn""",1
lapdog,1
trump’s,1
rrsp,1
phony,1
troop,1
tough,1
trump-suckers,1
orders,1
sycophants,1
whiners,1
meds,1
flames,1
hairy,1
gomorr,1
barrel',1
details---that,1
giving,1
blatantly,1
al,1
hoo,1
scarecrows,1
$clown,1
lands).,1
obstinate,1
oh,1
middle,1
reason,1
k,1
interns.,1
possession,1
fvcked,1
"double-dealing,",1
asinine],1
hong,1
reptilian,1
polluters,1
affirming,1
molested,1
backing,1
monster,1
"leftists,",1
ass-hat,1
hemorrhoids,1
fringin,1
onset,1
handle,1
points,1
tongue,1
ya,1
proves,1
pilau,1
terrorizing,1
donkey,1
suit,1
ou,1
will,1
fraud,1
federation,1
"hypocrisy?""",1
reject,1
knows.,1
poodle,1
",whackjob,",1
personified,1
locker,1
dhsh,1
un-obama,1
oshiro,1
lack,1
disturbing,1
rebuttal,1
words,1
repeat,1
ridiculou,1
kleptocrat,1
could,1
senate,1
pat,1
treatment,1
status,1
gay,1
y.,1
couldn't,1
momans,1
run,1
cheeze-whiz,1
lea,1
"corrupt,",1
democrat,1
dufus,1
cave,1
fck,1
indecent/ignorant,1
oral,1
busy,1
indigenous,1
fog.,1
home,1
respectful,1
logically,1
wonderful.,1
kittlw,1
pathological,1
seat.,1
unintelligent,1
cunts,1
professional,1
increases,1
remind,1
sulky,1
:,1
weapon,1
dirt,1
hag,1
jews,1
sailor,1
attack,1
he'll,1
testicles,1
accuse,1
pittance,1
brussels,1
fantasy,1
allegedly,1
dominated,1
"irresponsible""..dishonest,",1
drunken,1
rathole,1
drop,1
energy,1
left's,1
cruel,1
bulls**tter,1
penetrating,1
us,1
despite,1
touch,1
her!,1
bombs,1
harper,1
opportunists,1
anything,1
sucked,1
"ignorance,",1
pinocchio,1
horrified,1
knowledge,1
rn,1
mainly,1
promise,1
elsewhere,1
others.,1
defense,1
“small,1
1200,1
"janus-faced,",1
pardoned,1
unpatriotic,1
humbug,1
"empathy,",1
away,1
east,1
suicide,1
except,1
south,1
hundreds,1
retentive,1
muslim,1
racists,1
cockroaches,1
"impeach,",1
having,1
intellectualized,1
talks,1
"support,",1
f-----g,1
exchange,1
parker,1
not,1
while,1
you've,1
gosh-darned,1
khadar,1
drive,1
bland,1
results,1
physically,1
connections,1
vagrancy,1
excrement,1
know,1
cowardly,1
allowing,1
denominational,1
bigo,1
dupes,1
fighters,1
authorities,1
where,1
decide,1
sovietization,1
jer,1
mr.carey.,1
"square,",1
jumps,1
evil,1
lord,1
(see,1
get,1
weather,1
loosers,1
8,1
pussy,1
strumpet,1
trump,1
ontaro,1
"""deranged",1
protestant,1
unfortunatel,1
stupid,1
different,1
"sheep.,.,god",1
shots,1
really,1
a**clown,1
"elect,",1
deport,1
craw,1
smart,1
realized,1
"mistakes,",1
"down,",1
democrats.,1
sdq,1
taylor.,1
(loud),1
bunglers,1
idiotphobe,1
hired,1
rip,1
"politician,",1
cannibals,1
he's,1
f*c*,1
bum,1
(e.g.,1
hell,1
'open',1
homosexualists,1
make,1
'indigenous',1
in,1
nigggers,1
waste,1
boot-licking,1
assault/rape,1
khan,1
"intelligent,",1
(alleged),1
f*ckin,1
"""updates"",",1
killable.,1
grab,1
absolute,1
shenanigans,1
lacing,1
raising,1
overpaid,1
alaskans.,1
howe,1
nipples,1
swamp,1
"nasty,",1
atrocities,1
i've,1
imbecile,1
vixen,1
pot.,1
"dead,",1
dogs,1
crack,1
marijuana,1
clouseau,1
saying,1
"failed,",1
experienced,1
messed,1
whining,1
sided,1
trumplers,1
baldwin,1
celebrities,1
strike,1
fail,1
whatsoever,1
rural,1
prostitute,1
records,1
willfully,1
"hopeless,",1
sur,1
dumpster,1
strawmen,1
puppet,1
193,1
"pm,",1
absence,1
corporate,1
surface,1
works,1
jack***,1
equivalent,1
betrayed,1
bigoted,1
shoot,1
preset,1
catch,1
ding!,1
ourselves,1
proven,1
duplicitous,1
he11,1
christining,1
rebuild,1
viagra,1
damaging,1
known,1
females,1
behind,1
electric,1
"day,",1
fecal,1
classless,1
"bill,",1
t:,1
haven't,1
neck,1
baffoon,1
him,1
&,1
third,1
nra,1
penny,1
stupididty,1
fine,1
bitter,1
residual,1
hangs,1
kohler,1
sheet,1
police,1
executes,1
restraint,1
teaches,1
largassitis,1
cushy,1
"frank.""",1
twerps,1
white-skinned,1
"source,",1
asking,1
dangerously,1
including,1
whom,1
a-holes,1
attacks,1
pirates,1
wacko,1
crypto-nazi,1
bitch,1
opportunist,1
bc,1
hell's,1
refusing,1
negate,1
wingers,1
"case,",1
benefit,1
"oe,",1
rest,1
"cheeto-face,",1
"year,",1
gea,1
‘prophylactic,1
"street,",1
micciche,1
disingenuous,1
lobby,1
fuck-up,1
"gangsters,",1
robber,1
haste!,1
eggs,1
forum,1
show,1
asterisk,1
i'll,1
cl,1
poof,1
deflect,1
supremacy,1
d!ck,1
bury,1
gerald,1
de-funded,1
wynne,1
radio,1
here.,1
cases,1
republi,1
indian,1
"brilliant,",1
jaw,1
rely,1
baztarbs,1
can't,1
rum,1
degree,1
wtf.,1
market,1
didn't,1
moronic,1
has,1
"revenues,",1
perverts,1
refuse,1
bellicose,1
banter.,1
distinctly,1
economies.,1
paf,1
charlatan,1
sabotage,1
"elderly,",1
sons,1
"ignorant,",1
have.,1
poor,1
waters,1
shall,1
politicians,1
trans,1
heroin,1
"abuse,",1
dumbasses,1
seems,1
"him,",1
flag,1
inferring,1
educated.,1
soros,1
federal,1
lied,1
islamic,1
----------------------------------------------------------------------------------------------------------,1
masochist,1
purest,1
leaches,1
discussion,1
deal,1
mix,1
monsters,1
khadr,1
believe,1
invasion,1
boys!,1
wanker,1
scam,1
decades.,1
dumbness,1
come,1
taco,1
hothead,1
artist,1
all!,1
stupid.,1
shoot.,1
drunk,1
criminal/mentally,1
corpus,1
no.............she,1
cull,1
goof,1
change,1
progressive's,1
f-you,1
school,1
pruitt,1
huckabee-sanders,1
launch,1
shine,1
virtue,1
showed,1
hands.,1
presidency,1
inflated,1
regarding,1
man,1
heck,1
handlers,1
costing,1
children,1
borrow,1
never,1
some,1
arrest,1
electoral,1
founded,1
trumpster's,1
"doctors,",1
dollar,1
islamophobia,1
"mise,",1
decimated,1
intended,1
pro,1
mayor,1
manchild,1
investigators,1
castrated,1
publicity,1
they,1
malicious.,1
plain?,1
legitimate,1
passed,1
homosexuality,1
eally,1
dumping,1
chinese,1
there's,1
speaks,1
pile,1
butcher,1
natural,1
believing,1
clue,1
your're,1
grin,1
louder,1
refined,1
thier,1
freaking,1
publication:,1
box,1
a*s,1
part,1
law,1
muchsmarterthan,1
slobbering,1
"examples,",1
girls,1
matayoshi's,1
mess?,1
cdn,1
rome,1
modest,1
to;,1
trudeau,1
sleazy,1
be,1
deserves,1
"control""",1
troubled,1
pretending,1
patriotism,1
burger,1
f,1
narcism,1
"""elites",1
trip,1
trash,1
potato,1
"nc,",1
degenerate,1
laws,1
responsible,1
christianity,1
debt,1
specifically,1
academic,1
skull,1
self-loving,1
way,1
cretin,1
barefoot,1
scotia,1
started,1
speaking,1
simply,1
land.,1
voetsek,1
crying,1
satan's,1
days,1
pathetic.,1
leos,1
id*ot,1
"debts,",1
loozers,1
"point,",1
called,1
lowlife,1
parasitic,1
cain,1
stupifying,1
self-satisfied,1
kicking,1
sars,1
draft-dodging,1
i*d*i*o*t*s,1
bonhoeffer,1
underhand,1
unregulated,1
15,1
u.s.,1
challenging,1
bar,1
bastards,1
environment.,1
helped,1
grand,1
lungs,1
salem,1
warrior,1
remark.,1
dump,1
grip,1
demographic,1
tones,1
mediocrity,1
bastardo,1
d*ckhead,1
xenophobe,1
madness,1
thread,1
asshat,1
officialdom,1
illegitimate,1
"news""",1
president,1
demagogue,1
fornicator,1
"killed,",1
h:,1
idiot’s,1
gay-haters,1
bare,1
bucko,1
included,1
hypothetical,1
pussy-grabbing,1
abounds,1
founding,1
pocrisy,1
security,1
fear,1
financial,1
"cheat,",1
dumb*asses,1
pumped,1
citizens.,1
bull,1
effortlessly,1
utter,1
zones,1
putin's,1
m,1
t,1
thug,1
along,1
nanakuli,1
avatar,1
pivot,1
rat.,1
closet,1
grabbers,1
symbol,1
left,1
everyone,1
hide,1
kitten,1
fucking,1
fakin,1
shady,1
assholes,1
detachment,1
unredemptive,1
leader,1
unable,1
just,1
leading,1
communit,1
justice,1
"staff,",1
ets,1
fake,1
culo,1
living,1
deflector,1
trouble,1
unbalanced,1
thats,1
guns,1
reality,1
"trannies,",1
engaged,1
version,1
clownshoe,1
lap,1
mouthpiece,1
gosh,1
nazis,1
base,1
derangement,1
removed,1
sweat,1
undeserving,1
nfld,1
unrest,1
equally,1
decent),1
faced,1
crime,1
otherwise,1
"kelly,",1
fbi,1
lib,1
calling,1
action.,1
rarely,1
conclude,1
abused,1
smells,1
negro,1
shootout,1
anomaly.,1
nowhere,1
numb-nuts,1
reviewing,1
rat's,1
supporters),1
murdering,1
beezy,1
heaven,1
corupt,1
kevorkian,1
ban,1
prolific,1
deat,1
duds,1
"anti-american,",1
addict,1
titanic?,1
judass,1
mcconnell,1
free,1
ontario's,1
differences,1
admitting,1
moral,1
individual,1
file,1
meterosexual,1
"story,",1
threatening,1
represe,1
retirement,1
slug,1
f**k,1
closely,1
rather,1
help,1
animal,1
fish,1
alec,1
television,1
riddance,1
